equipment_group,parameter,standard_as_written,limit_type,min,max,needs_review
Boiler,Steam Pressure (bar),8.0 - 8.5,range,8.0,8.5,no
Boiler,Flame Signal (%),> 90,min,90.0,,no
Boiler,Conductivity (us/cm),< 3500,max,,3500.0,no
Boiler,Flue Gas Temperature (°C),130 - 250,range,130.0,250.0,no
Boiler,Feed Water Tank Level,90 - 95%,range,90.0,95.0,no
Boiler,Feed Water Tank Temperature,85 - 95 °C,range,85.0,95.0,no
Boiler,Feed Water pH,8.0 - 10.0,range,8.0,10.0,no
Trane Chiller,Oil Pressure (kPa),1000 - 1200,range,1000.0,1200.0,no
Trane Chiller,System Refrigerant Diff. Pressure (kPa),800 - 1000,range,800.0,1000.0,no
Trane Chiller,Comp Rfgt Discharge Temp (°C),63 - 66,range,63.0,66.0,no
Trane Chiller,% RLA,< 95%,max,,95.0,no
Trane Chiller,Evap Rfgt Sat. Temp. (°C),> 1,min,1.0,,no
Trane Chiller,Evap Rfgt Pressure (kPa),300 - 400,range,300.0,400.0,no
Trane Chiller,Evap Approach Temp (°C),> 1,min,1.0,,no
Trane Chiller,Evap Rfgt Liquid Level (mm),> 0,min,0.0,,no
Trane Chiller,Cond Rfgt Pressure (kPa),1100 - 1200,range,1100.0,1200.0,no
Trane Chiller,Cond Inlet Temp. (°C),29 - 34,range,29.0,34.0,no
Trane Chiller,Cond Outlet Temp. (°C),35 - 39,range,35.0,39.0,no
Trane Chiller,Cond Sat Rfgt Temp (°C),42 - 48,range,42.0,48.0,no
Trane Chiller,Condenser Approach Temp (°C),5.0 - 10.0,range,5.0,10.0,no
VAM Chiller,Chilled Water Temp. Differential (°C),5 - 8 °C,range,5.0,8.0,no
VAM Chiller,Chilled Water Inlet Pressure (bar),> 0.8 bar,min,0.8,,no
VAM Chiller,Chilled Water Outlet Pressure (bar),> 0.4 bar,min,0.4,,no
VAM Chiller,Hot/Cooling Water Flow rate,,no_limit_given,,,yes
VAM Chiller,Hot/Cooling Water Inlet Temp.,30 - 34 °C,range,30.0,34.0,no
VAM Chiller,Hot/Cooling Water Outlet Temp.,32 - 36 °C,range,32.0,36.0,no
VAM Chiller,Hot/Cooling Water Inlet Pressure,2.3 - 2.5 bar,range,2.3,2.5,no
VAM Chiller,Hot/Cooling Water Outlet Pressure,1.3 - 1.5 bar,range,1.3,1.5,no
VAM Chiller,High Temp. Generator Vapour Temp.,,no_limit_given,,,yes
VAM Chiller,U-tube Temp.,,no_limit_given,,,yes
VAM Chiller,Low Temp. Generator,,no_limit_given,,,yes
VAM Chiller,Spray Solution Temp.,,no_limit_given,,,yes
VAM Chiller,High Temp. Generator Top Temp.,,no_limit_given,,,yes
VAM Chiller,High Temp. Generator Bottom Temp.,,no_limit_given,,,yes
VAM Chiller,Concentration,60 - 63%,range,60.0,63.0,no
VAM Chiller,Vacuum Pressure mmHg,< 10mmHg,max,,10.0,no
VAM Chiller,Generator Fluid Level,> 70%,min,70.0,,no
VAM Chiller,Absorber Fluid Level,> 90%,min,90.0,,no
VAM Chiller,Evaporator Fluid Level,> 70%,min,70.0,,no
VAM Chiller,Steam Pressure before SCV,,no_limit_given,,,yes
Air Compressor IR,Oil Level,> 70%,min,70.0,,no
Air Compressor IR,Package Disch. Pressure,7.5 - 8.5,range,7.5,8.5,no
Air Compressor IR,Package Disch. Temp.,35 - 45,range,35.0,45.0,no
Air Compressor IR,1st Stage Inlet Temp.,27 - 32,range,27.0,32.0,no
Air Compressor IR,1st Stage Discharge Temp.,< 215,max,,215.0,no
Air Compressor IR,2nd Stage Inlet Pressure,2.0 - 3.0,range,2.0,3.0,no
Air Compressor IR,2nd Stage Inlet Temp.,< 45,max,,45.0,no
Air Compressor IR,Bearing Oil Temp.,55 - 65,range,55.0,65.0,no
Air Compressor IR,Bearing Oil Pressure,1.8 - 2.0,range,1.8,2.0,no
Air Compressor IR,Oil Filter Pressure Drop,< 0.5,max,,0.5,no
Air Compressor IR,Inlet Vacuum,< 0.01 mmHg,max,,0.01,no
Water Treatment,Raw Water Tank 1 Level,> 20,min,20.0,,no
Water Treatment,Raw Water Tank 2 Level,> 90%,min,90.0,,no
Water Treatment,Treated Water Tank Level,> 90%,min,90.0,,no
Water Treatment,Raw Water Pump Pressure,> 3.5 bar,min,3.5,,no
Water Treatment,Treated Water Pump Pressure,> 3.5 bar,min,3.5,,no
Water Treatment,Pre-Filter Bag Unit Inlet Pressure,> 1.1 bar,min,1.1,,no
Water Treatment,Pre-Filter Bag Unit Outlet Pressure,> 0.8 bar,min,0.8,,no
Water Treatment,Post-Filter Bag Unit Inlet Pressure,> 4.0 bar,min,4.0,,no
Water Treatment,Post-Filter Bag Unit Outlet Pressure,> 3.8 bar,min,3.8,,no
Water Treatment,Pressure Filter Tank Inlet Pressure,> 1.1,min,1.1,,no
Water Treatment,Pressure Filter Tank Outlet Pressure,> 0.8,min,0.8,,no
Water Treatment,Treated Water Outlet Pressure,3.6 - 4.0 bar,range,3.6,4.0,no
Water Treatment,Water pH,6.8 - 7.2,range,6.8,7.2,no
Water Treatment,UV Intensity,> 90 W/cm2,min,90.0,,no
Water Treatment,Backwashing Time,,no_limit_given,,,yes
Air Dryer AC,Condensing Pressure,25.5 bar,equals,25.5,25.5,no
Air Dryer AC,Dryer LAT,1.0 - 2.0 °C,range,1.0,2.0,no
Air Dryer AC,Refrigerant Temperature,0 - 3 °C,range,0.0,3.0,no
Air Dryer AC,Dryer Ambient Temperature,28 - 30 °C,range,28.0,30.0,no
Air Dryer AC,Refrigerant Compressor Outlet,63 - 66 °C,range,63.0,66.0,no
General Utility,Outlet Temperature,7 - 10 °C,range,7.0,10.0,no
General Utility,Chilled Water Pump Pressure,3.5 - 4.0 bar,range,3.5,4.0,no
General Utility,Air Line Pressure,6.8 - 8.0 bar,range,6.8,8.0,no
General Utility,Steam Line Pressure,7.5 - 8.5 bar,range,7.5,8.5,no
Air Dryer IR,Air Inlet Temp.,28 - 30 °C,range,28.0,30.0,no
Air Dryer IR,Dew Point,1.0 - 2.0 °C,range,1.0,2.0,no
Boiler Water,pH,10.5 - 12.5,range,10.5,12.5,no
Boiler Water,TDS,< 3500ppm,max,,3500.0,no
Boiler Water,Conductivity (ppm),< 7000ppm,max,,7000.0,no
Boiler Water,Total Hardness (ppm),0 ppm,equals,0.0,0.0,no
Boiler Water,Phenolphthalein [P]-Alkalinity,150 - 700 ppm,range,150.0,700.0,no
Boiler Water,Total [M]-Alkalinity,< 1200ppm,max,,1200.0,no
Boiler Water,Caustic [O]-Alkalinity,150 - 700 ppm,range,150.0,700.0,no
Boiler Water,Sulphite,20 - 40 ppm,range,20.0,40.0,no
Boiler Water,Phosphate,10 - 30 ppm,range,10.0,30.0,no
